[
    {
        "uid": 1,
        "bmi_value": 29.320987654320987,
        "birthday": "2000-02-02 00:00:00",
        "cre_date": "2023-12-26",
        "etc_hist": "\uc88b\uc74c",
        "exercise": "\uc544\uce68\uc5d0 \uc9d1 \uc55e \uacf5\uc6d0\uc5d0\uc11c \ud55c\uc2dc\uac04 \ub3d9\uc548 \uc0b0\ucc45\ud588\ub2e4",
        "feel": "\uc624\ub298 \uc804\uccb4\uc801\uc73c\ub85c \uad1c\ucc2e\uc558\ub2e4",
        "food": "\uc544\uce68\uc5d0 \uc0d0\ub7ec\ub4dc\ub97c \uba39\uace0 \uc810\uc2ec \uc800\ub141\uc740 \ub2ed\uac00\uc2b4\uc0b4\uc744 \uba39\uc5c8\ub2e4.",
        "height": 1.8,
        "weight": 95.0,
        "b_five": 26.85185185185185,
        "b_four": 26.85185185185185,
        "b_one": 29.320987654320987,
        "b_six": 26.85185185185185,
        "b_three": 26.85185185185185,
        "b_two": 26.85185185185185,
        "flavor": "\uc720\uc5f0\uc131 \ud5a5\uc0c1",
        "gender": "0",
        "health_level": "\uac00\ubcbc\uc6c0",
        "health_num": "2\ud68c",
        "health_time": "1\uc2dc\uac04 30\ubd84 \uc774\uc0c1 2\uc2dc\uac04 \ubbf8\ub9cc",
        "location_num": "\uc2e4\ub0b4",
        "nickname_m": "\ucd5c\uc724\uc218",
        "profile_image": "http://k.kakaocdn.net/dn/Jqa9S/btsBDMjzgYe/jRqHUpbkjfj70fm9mawck0/img_640x640.jpg",
        "purpose": "\uc2a4\ud2b8\ub808\uc2a4 \ud574\uc18c"
    }
]